[{"id":"user-image-001_150.png","publicUrl":"np://user.desktop.nicepage.com/Site_736419439/images/001_150.png","size":1184,"fileName":"001_150.png","name":"001_150","width":64,"height":80,"thumbnail":{"url":"np://user.desktop.nicepage.com/Site_736419439/images/thumbnails/001_150.png","width":64,"height":80,"length":1184,"type":"png"},"originalUrl":"//images01.nicepage.com/thumbs/c461c07a441a5d220e8feb1a/6f0130fe993058f4a7d22178/001_150.png"},{"id":"user-image-jhjjhj.jpg","publicUrl":"np://user.desktop.nicepage.com/Site_736419439/images/jhjjhj.jpg","size":110501,"fileName":"jhjjhj.jpg","name":"jhjjhj","width":1000,"height":989,"thumbnail":{"url":"np://user.desktop.nicepage.com/Site_736419439/images/thumbnails/jhjjhj.jpg","width":250,"height":247},"originalUrl":"//images01.nicepage.com/c461c07a441a5d220e8feb1a/902880d90cc55e8094aedbc1/jhjjhj.jpg"},{"id":"user-image-fgg.jpg","publicUrl":"np://user.desktop.nicepage.com/Site_736419439/images/fgg.jpg","size":84972,"fileName":"fgg.jpg","name":"fgg","width":769,"height":769,"thumbnail":{"url":"np://user.desktop.nicepage.com/Site_736419439/images/thumbnails/fgg.jpg","width":250,"height":250},"originalUrl":"//images01.nicepage.com/c461c07a441a5d220e8feb1a/0097697209f55bae92f5b4a6/fgg.jpg"},{"id":"user-image-rtrtrt.jpg","publicUrl":"np://user.desktop.nicepage.com/Site_736419439/images/rtrtrt.jpg","size":219306,"fileName":"rtrtrt.jpg","name":"rtrtrt","width":1000,"height":1026,"thumbnail":{"url":"np://user.desktop.nicepage.com/Site_736419439/images/thumbnails/rtrtrt.jpg","width":244,"height":250},"originalUrl":"//images01.nicepage.com/c461c07a441a5d220e8feb1a/45ed13d3408c5080b1455581/rtrtrt.jpg"},{"id":"user-image-ge5283b7d858552bbe79bf8a7fb0c31e67d6d0eb4ad0d1fb83832305e4c23be2914c0cdb94092b6b5e249d605da6d88a4_1280.jpg","publicUrl":"np://user.desktop.nicepage.com/Site_736419439/images/ge5283b7d858552bbe79bf8a7fb0c31e67d6d0eb4ad0d1fb83832305e4c23be2914c0cdb94092b6b5e249d605da6d88a4_1280.jpg","size":415381,"fileName":"ge5283b7d858552bbe79bf8a7fb0c31e67d6d0eb4ad0d1fb83832305e4c23be2914c0cdb94092b6b5e249d605da6d88a4_1280.jpg","name":"ge5283b7d858552bbe79bf8a7fb0c31e67d6d0eb4ad0d1fb83832305e4c23be2914c0cdb94092b6b5e249d605da6d88a4_1280","width":1280,"height":853,"thumbnail":{"url":"np://user.desktop.nicepage.com/Site_736419439/images/thumbnails/ge5283b7d858552bbe79bf8a7fb0c31e67d6d0eb4ad0d1fb83832305e4c23be2914c0cdb94092b6b5e249d605da6d88a4_1280.jpg","width":250,"height":167}},{"id":"user-image-Free_Sample_By_Wix1.jpg","publicUrl":"np://user.desktop.nicepage.com/Site_736419439/images/Free_Sample_By_Wix1.jpg","size":8950,"fileName":"Free_Sample_By_Wix1.jpg","name":"Free_Sample_By_Wix1","width":200,"height":200,"thumbnail":{"url":"np://user.desktop.nicepage.com/Site_736419439/images/thumbnails/Free_Sample_By_Wix1.jpg","height":200,"width":200,"length":8950,"type":"jpg"}},{"id":"user-image-5026827.png","publicUrl":"np://user.desktop.nicepage.com/Site_736419439/images/5026827.png","size":4008,"fileName":"5026827.png","name":"5026827","width":128,"height":128,"thumbnail":{"url":"np://user.desktop.nicepage.com/Site_736419439/images/thumbnails/5026827.png","width":128,"height":128,"length":4008,"type":"png"}},{"id":"user-image-726459.png","publicUrl":"np://user.desktop.nicepage.com/Site_736419439/images/726459.png","size":3410,"fileName":"726459.png","name":"726459","width":128,"height":128,"thumbnail":{"url":"np://user.desktop.nicepage.com/Site_736419439/images/thumbnails/726459.png","width":128,"height":128,"length":3410,"type":"png"}},{"id":"user-image-7453328.png","publicUrl":"np://user.desktop.nicepage.com/Site_736419439/images/7453328.png","size":3987,"fileName":"7453328.png","name":"7453328","width":128,"height":128,"thumbnail":{"url":"np://user.desktop.nicepage.com/Site_736419439/images/thumbnails/7453328.png","width":128,"height":128,"length":3987,"type":"png"}},{"id":"user-image-51635f121384cd234f07435eb59e86104a042ca420163d576b3c085e51eeefcba34a78f70e13fc8bfa011065fff7055df0aeea6cd5e47c7f6ed8fe_1280.jpg","publicUrl":"np://user.desktop.nicepage.com/Site_736419439/images/51635f121384cd234f07435eb59e86104a042ca420163d576b3c085e51eeefcba34a78f70e13fc8bfa011065fff7055df0aeea6cd5e47c7f6ed8fe_1280.jpg","size":402575,"fileName":"51635f121384cd234f07435eb59e86104a042ca420163d576b3c085e51eeefcba34a78f70e13fc8bfa011065fff7055df0aeea6cd5e47c7f6ed8fe_1280.jpg","name":"51635f121384cd234f07435eb59e86104a042ca420163d576b3c085e51eeefcba34a78f70e13fc8bfa011065fff7055df0aeea6cd5e47c7f6ed8fe_1280","width":1280,"height":853,"thumbnail":{"url":"np://user.desktop.nicepage.com/Site_736419439/images/thumbnails/51635f121384cd234f07435eb59e86104a042ca420163d576b3c085e51eeefcba34a78f70e13fc8bfa011065fff7055df0aeea6cd5e47c7f6ed8fe_1280.jpg","width":250,"height":167}}]